dataset,tripleCountTotal,tripleCountTraining,trainingPercent,tripleCountValidation,validationPercent,tripleCountTest,testPercent
FB15k,592213,483142,81.582466,50000,8.442908,59071,9.974621
FB15k-237,310116,272115,87.7462,17535,5.654336,20466,6.599466
WN18,151442,141442,93.39681,5000,3.301594,5000,3.301594
WN18RR,93003,86835,93.36796,3034,3.2622602,3134,3.3697836
YAGO3-10,1089040,1079040,99.081764,5000,0.45911995,5000,0.45911995
Wikidata5M,20624575,20614279,99.95008,5163,0.025033241,5133,0.024887785
DBpedia50k,43490,32203,74.04691,397,0.91285354,10890,25.04024
