Dataset,H@1,H@3,H@5,H@10,MRR
fb15k,0.4862622945269252,0.7240439471144894,0.7829391748912325,0.8423845880381237,0.6219291111095725
fb15k237,0.10739798414717683,0.2929347294255798,0.36569135923280166,0.46535864566004503,0.2321335653783919
wn18,0.4395,0.8747,0.9226,0.9495,0.6610210697441741
wn18rr,0.03761969904240766,0.36593707250341995,0.46990424076607384,0.5512995896032832,0.22403874817983638
